{
  "category_macro_f1": 1.0,
  "priority_f1_weighted": 0.8564890891421505,
  "priority_recall_weighted": 0.8571428571428571
}